Item Number,Category Name,Item Description,Vendor,Vendor Name,Bottle Volume (ml),Pack,Inner Pack,Age,Proof,List Date,UPC,SCC,State Bottle Cost,State Case Cost,State Bottle Retail,Report Date
26737,Iowa Distilleries,Sir Winston Bourbon,578,S&B Farmstead Distillery,750,6,1,0,93,05/01/2019,856750008243,10059824001806,26.23,157.38,39.35,04/01/2019
26739,Iowa Distilleries,Sir Winston White Whiskey,578,S&B Farmstead Distillery,750,6,1,0,80,05/01/2019,856750008229,10059824001806,25.54,153.24,38.31,04/01/2019
26757,Iowa Distilleries,Blue Ox American Spirit Whiskey,229,DEHNER DISTILLERY,750,12,1,0,80,04/01/2019,854647008253,10059824001806,5.00,60.00,7.50,04/01/2019
26758,Iowa Distilleries,Blue Ox American Spirit Whiskey,229,DEHNER DISTILLERY,1750,6,1,0,80,04/01/2019,854647008246,10059824001806,9.50,57.00,14.25,04/01/2019
26777,Iowa Distilleries,Blue Ox American Spirit Whiskey Mini,229,DEHNER DISTILLERY,50,1,60,0,80,04/01/2019,854647008215,10059824001806,30.00,30.00,45.00,04/01/2019
37125,Iowa Distilleries,Bagger Vodka,125,CEDAR RIDGE VINEYARDS LL,1000,12,1,0,80,04/01/2019,859824001942,10863835000013,12.50,150.00,18.75,04/01/2019
37131,Iowa Distilleries,Century Farms Open Gate Vodka,594,"American Heritage Distillers, LLC",750,12,1,0,80,05/01/2019,865911000439,10863835000013,8.05,96.60,12.08,04/01/2019
58776,Iowa Distilleries,The Copper Can Moscow Mule,229,DEHNER DISTILLERY,355,6,4,0,20,05/01/2019,648676946279,10059824001172,8.00,48.00,12.00,04/01/2019
926732,Iowa Distilleries,Sir Winston Bourbon Barrel Proof,578,S&B Farmstead Distillery,750,6,1,0,116,05/01/2019,856750008090,10855677003000,28.60,171.60,42.90,04/01/2019
100083,Iowa Distilleries,SWELL Vodka - Mary Me Bloody Mary Pack,195,Swell Liquor LLC,750,6,1,0,80,10/01/2016,854781004548,,12.38,74.28,18.57,04/01/2019
100335,Iowa Distilleries,Cody Road Bourbon w/Rocks Glass,306,MISSISSIPPI RIVER DISTIL,750,6,1,0,90,08/01/2017,855037005357,,19.17,115.02,28.76,04/01/2019
12409,Iowa Distilleries,Canadian Ltd,055,SAZERAC NORTH AMERICA,100,48,1,0,80,06/01/2015,82928223501,,0.89,42.72,1.34,04/01/2019
17206,Iowa Distilleries,Cedar Ridge Bourbon,125,CEDAR RIDGE VINEYARDS LL,750,6,1,0,80,08/01/2010,82928223501,10059824001806,18.10,108.60,27.15,04/01/2019
26752,Iowa Distilleries,3-Oaks Distillery Straight Bourbon Whiskey,215,"3-Oaks Distillery, LLC",750,6,1,2,90,04/01/2019,742832073059,10059824001806,18.00,108.00,27.00,04/01/2019
26781,Iowa Distilleries,Templeton Rye Rare Cask Strength,255,Infinium Spirits,750,6,1,0,114,01/01/2019,720815921030,10059824001806,29.99,179.94,44.99,04/01/2019
26787,Iowa Distilleries,Green Frog Distillery Straight Corn Whiskey 100prf,549,"Green Frog Distillery, LLC",750,6,1,0,100,11/01/2018,853938008088,10059824001806,17.50,105.00,26.25,04/01/2019
26806,Iowa Distilleries,Green Frog Distillery Barreled Aged Corn Whiskey,549,"Green Frog Distillery, LLC",750,6,1,8,96,09/01/2018,853938008040,10059824001806,20.00,120.00,30.00,04/01/2019
26814,Iowa Distilleries,Steeple Ridge Bourbon,325,Lonely Oak Distillery,750,6,1,0,92,12/01/2018,19962231612,10059824001806,22.50,135.00,33.75,04/01/2019
26815,Iowa Distilleries,Green Frog Distillery Caramel Flavored Corn Whiskey,549,"Green Frog Distillery, LLC",750,6,1,0,60,09/01/2018,853938008019,10059824001806,15.00,90.00,22.50,04/01/2019
26851,Iowa Distilleries,Blue Ox American Spirit Whiskey,229,DEHNER DISTILLERY,1000,12,1,0,80,12/01/2018,854647008208,10059824001806,5.00,60.00,7.50,04/01/2019
26858,Iowa Distilleries,Templeton 4YR Rye,255,Infinium Spirits,375,12,1,4,80,08/01/2018,720815920026,10059824001806,9.99,119.88,14.99,04/01/2019
26910,Iowa Distilleries,Green Frog Distillery Straight Corn Whiskey 80prf DISCO,549,"Green Frog Distillery, LLC",750,6,1,0,80,09/01/2018,853938008002,10059824001806,17.50,105.00,26.25,04/01/2019
26986,Iowa Distilleries,Iowa Legendary Rye Private Reserve,116,BAD BEAR ENTERPRISES LLC,750,6,1,0,80,05/01/2018,863037000173,10059824001806,50.00,300.00,75.00,04/01/2019
27014,Iowa Distilleries,Cedar Ridge Malted Rye,125,CEDAR RIDGE VINEYARDS LL,750,6,1,2,86,09/01/2014,863037000173,10059824001134,19.67,118.00,29.51,04/01/2019
27027,Iowa Distilleries,Cody Road Rye,306,MISSISSIPPI RIVER DISTIL,750,6,1,0,80,10/01/2012,22099147794,10059824001134,19.17,115.00,28.76,04/01/2019
27102,Iowa Distilleries,Templeton 4YR Rye,255,Infinium Spirits,750,6,1,0,80,11/01/2006,22099147794,10720815920108,18.09,108.54,27.14,04/01/2019
27125,Iowa Distilleries,Templeton 6YR Rye,255,Infinium Spirits,750,6,1,6,92,07/01/2016,22099147794,10720815920238,22.75,136.50,34.13,04/01/2019
27138,Iowa Distilleries,Cody Road Single Barrel Rye,306,MISSISSIPPI RIVER DISTIL,750,6,1,0,92,09/01/2016,855037005104,10720815920238,25.00,150.00,37.50,04/01/2019
27175,Iowa Distilleries,Templeton 4YR Rye,255,Infinium Spirits,1000,6,1,4,80,08/01/2017,720815920149,10720815920238,21.00,126.00,31.50,04/01/2019
27246,Iowa Distilleries,Artisan Grain Original Moonshine,101,ARTISAN GRAIN DISTILLERY,750,6,1,0,92,02/01/2015,720815920149,868887000007,12.67,76.00,19.01,04/01/2019
27255,Iowa Distilleries,Country Gal,154,DUNKEL CORPORATION,750,12,1,0,80,12/01/2013,720815920149,868887000007,3.09,37.08,4.64,04/01/2019
27257,Iowa Distilleries,Red Boot Corn Whiskey,229,DEHNER DISTILLERY,750,12,1,0,80,08/01/2013,720815920149,868887000007,9.99,119.80,14.99,04/01/2019
27273,Iowa Distilleries,Sipp'n -N- Mix'n,418,GUNSANDMORE INFO LLC,750,12,1,0,80,12/01/2016,855677003041,868887000007,14.75,177.00,22.13,04/01/2019
27274,Iowa Distilleries,Two Jay's Urban Style Light Whiskey,086,BROADBENT VENTURES LLC,375,12,1,0,80,09/01/2016,855677003041,6169329715256,5.84,70.08,8.76,04/01/2019
27286,Iowa Distilleries,Honey Creek Wild Hog,203,Honey Creek Distillery,750,12,1,0,110,12/01/2013,855677003041,6169329715256,13.09,157.00,19.64,04/01/2019
27289,Iowa Distilleries,Iowish Whiskey,306,MISSISSIPPI RIVER DISTIL,750,6,1,0,40,03/01/2016,855677003041,10855037005118,19.17,115.00,28.76,04/01/2019
27292,Iowa Distilleries,Iowa Shine,154,DUNKEL CORPORATION,750,12,1,0,80,04/01/2013,855677003041,10854781004019,9.09,109.00,13.64,04/01/2019
27318,Iowa Distilleries,Two Jay's Iowa Corn Whiskey,086,BROADBENT VENTURES LLC,750,12,1,0,80,03/01/2011,855677003041,10720815920108,13.87,166.44,20.81,04/01/2019
27323,Iowa Distilleries,Two Jay's Country Style Blended Why.,086,BROADBENT VENTURES LLC,750,12,1,0,80,08/01/2011,855677003041,10720815920108,15.59,187.08,23.39,04/01/2019
27357,Iowa Distilleries,Cedar Ridge Single Malt Single Barrel Select,125,CEDAR RIDGE VINEYARDS LL,750,6,1,5,80,05/01/2018,855677003041,10059824001219,25.00,150.00,37.50,04/01/2019
27369,Iowa Distilleries,Cedar Ridge Port Cask Finished Bourbon,125,CEDAR RIDGE VINEYARDS LL,750,6,1,2,94,11/01/2016,859824001676,10059824001219,25.50,153.00,38.25,04/01/2019
27386,Iowa Distilleries,Cedar Ridge Reserve Bourbon,125,CEDAR RIDGE VINEYARDS LL,375,6,1,0,86,01/01/2014,859824001676,10059824001936,15.00,90.00,22.50,04/01/2019
27464,Iowa Distilleries,Cedar Ridge Wheat Whiskey,125,CEDAR RIDGE VINEYARDS LL,750,6,1,0,80,03/01/2014,859824001676,10059824001912,18.67,112.02,28.01,04/01/2019
27476,Iowa Distilleries,Cedar Ridge Single Malt Whiskey,125,CEDAR RIDGE VINEYARDS LL,750,6,1,5,80,02/01/2013,859824001676,10059824001813,25.00,150.00,37.50,04/01/2019
27478,Iowa Distilleries,Cedar Ridge Unaged Whiskey,125,CEDAR RIDGE VINEYARDS LL,750,6,1,0,100,08/01/2011,859824001676,10059824001868,13.17,79.00,19.76,04/01/2019
27479,Iowa Distilleries,Cody Road Bourbon,306,MISSISSIPPI RIVER DISTIL,750,6,1,0,90,12/01/2011,22099147749,10059824001868,19.17,115.00,28.76,04/01/2019
27512,Iowa Distilleries,Griff's Cowboy Whiskey,125,CEDAR RIDGE VINEYARDS LL,750,6,1,0,80,07/01/2011,0,10059824001868,12.59,75.50,18.89,04/01/2019
27535,Iowa Distilleries,Queen Bee Honey Whiskey,306,MISSISSIPPI RIVER DISTIL,375,12,1,0,70,04/01/2017,22099147770,10059824001868,9.09,109.08,13.64,04/01/2019
27597,Iowa Distilleries,Red Boot Spiced Whiskey,229,DEHNER DISTILLERY,750,12,1,0,80,04/01/2013,22099147770,10059824001868,9.99,119.80,14.99,04/01/2019
27629,Iowa Distilleries,Prairie Fire,154,DUNKEL CORPORATION,750,12,1,0,70,07/01/2013,22099147770,10854781004033,9.09,109.08,13.64,04/01/2019
27632,Iowa Distilleries,Cedar Ridge Short's Whiskey,125,CEDAR RIDGE VINEYARDS LL,750,6,1,0,80,08/01/2013,22099147770,10059824001967,13.83,82.96,20.75,04/01/2019
27636,Iowa Distilleries,Stone Fence Apple Cider Whiskey,306,MISSISSIPPI RIVER DISTIL,375,12,1,0,70,10/01/2018,859824001553,10059824001967,9.09,109.00,13.64,04/01/2019
27668,Iowa Distilleries,Farmer Brown Whiskey,306,MISSISSIPPI RIVER DISTIL,375,12,1,0,80,03/01/2015,859824001553,10059824001967,9.09,109.00,13.64,04/01/2019
27677,Iowa Distilleries,Cody Road Single Barrel,306,MISSISSIPPI RIVER DISTIL,750,6,1,0,105,10/01/2014,859824000006,10059824001967,25.00,150.00,37.50,04/01/2019
27751,Iowa Distilleries,Seagrams 7 Crown Orchard Apple,260,DIAGEO AMERICAS,750,12,1,0,71,11/01/2014,82000767626,10059824001967,7.00,83.95,10.50,04/01/2019
27829,Iowa Distilleries,Cody Road Double Barrel,306,MISSISSIPPI RIVER DISTIL,375,12,1,0,101,12/01/2018,82000767626,10059824001967,14.00,168.00,21.00,04/01/2019
27832,Iowa Distilleries,Iowa Distilling Company Straight Bourbon Whiskey,154,DUNKEL CORPORATION,750,6,1,2,90,04/01/2016,82000767626,10854781004507,19.95,119.70,29.93,04/01/2019
27841,Iowa Distilleries,Ku:l Fire,229,DEHNER DISTILLERY,750,12,1,0,70,01/01/2016,82000767626,10854781004507,8.49,101.88,12.74,04/01/2019
27844,Iowa Distilleries,Atomic Fusion Cinnamon Whiskey,229,DEHNER DISTILLERY,750,12,1,0,70,11/01/2016,858506004073,10854781004507,7.46,89.52,11.19,04/01/2019
27846,Iowa Distilleries,Atomic Fusion Spiced Apple Whiskey,229,DEHNER DISTILLERY,750,12,1,0,70,11/01/2016,858506004189,10854781004507,7.46,89.52,11.19,04/01/2019
27849,Iowa Distilleries,Cedar Ridge Reserve Bourbon,125,CEDAR RIDGE VINEYARDS LL,750,6,1,5,92,05/01/2017,859824001805,10854781004507,25.47,152.82,38.21,04/01/2019
27890,Iowa Distilleries,3-Oaks Distillery Whiskey,215,"3-Oaks Distillery, LLC",750,12,1,2,90,04/01/2016,859824001805,10748252129892,18.00,216.00,27.00,04/01/2019
28005,Iowa Distilleries,Cody Road Maple,306,MISSISSIPPI RIVER DISTIL,375,12,1,0,70,09/01/2017,855037005418,10748252129892,9.00,108.00,13.50,04/01/2019
28019,Iowa Distilleries,Cody Road Bourbon Mini,306,MISSISSIPPI RIVER DISTIL,500,6,10,0,90,08/01/2017,855037005371,10748252129892,15.00,90.00,22.50,04/01/2019
28056,Iowa Distilleries,Copper Cross Hybrid Whiskey,229,DEHNER DISTILLERY,750,6,1,0,84,08/01/2017,858506004240,10748252129892,17.50,105.00,26.25,04/01/2019
28070,Iowa Distilleries,Copper Cross Hybrid Whiskey Mini,229,DEHNER DISTILLERY,3000,1,60,0,84,11/01/2017,858506004257,10748252129892,75.00,75.00,112.50,04/01/2019
28081,Iowa Distilleries,Prairie Fire Mini,154,DUNKEL CORPORATION,800,8,16,0,70,06/01/2018,854781004555,10748252129892,11.90,95.20,17.85,04/01/2019
28131,Iowa Distilleries,Cody Road Honey,306,MISSISSIPPI RIVER DISTIL,750,6,1,0,70,03/01/2018,855037005456,10748252129892,16.00,96.00,24.00,04/01/2019
28132,Iowa Distilleries,Cody Road Maple,306,MISSISSIPPI RIVER DISTIL,750,6,1,0,70,03/01/2018,855037005449,10748252129892,16.00,96.00,24.00,04/01/2019
28134,Iowa Distilleries,Essence of Iowa Whiskey,525,Cats Eye Distillery,750,12,1,0,80,12/01/2017,855810007011,10748252129892,19.25,231.00,28.88,04/01/2019
29420,Iowa Distilleries,Blue Ox Gin Mini,229,DEHNER DISTILLERY,3000,1,60,0,80,06/01/2018,854647008161,10748252129892,30.00,30.00,45.00,04/01/2019
29421,Iowa Distilleries,Blue Ox Gin,229,DEHNER DISTILLERY,750,12,1,0,80,06/01/2018,854647008031,10748252129892,3.00,36.00,4.50,04/01/2019
29422,Iowa Distilleries,Blue Ox Gin,229,DEHNER DISTILLERY,1000,12,1,0,80,06/01/2018,854647008048,10748252129892,3.50,42.00,5.25,04/01/2019
29423,Iowa Distilleries,Blue Ox Gin,229,DEHNER DISTILLERY,1750,6,1,0,80,06/01/2018,854647008055,10748252129892,6.50,39.00,9.75,04/01/2019
29812,Iowa Distilleries,Clearheart Gin,125,CEDAR RIDGE VINEYARDS LL,750,6,1,0,90,01/01/2007,854647008055,10059824001738,12.30,73.80,18.45,04/01/2019
30016,Iowa Distilleries,Foundry Gin,566,"Foundry Distilling Company, LLC",375,12,1,0,80,08/01/2018,850826008038,10059824001738,6.66,79.92,9.99,04/01/2019
31990,Iowa Distilleries,River Rose Gin,306,MISSISSIPPI RIVER DISTIL,750,6,1,0,80,04/01/2011,22099147718,10059824001738,16.17,97.00,24.26,04/01/2019
31991,Iowa Distilleries,Barrel River Rose Gin,306,MISSISSIPPI RIVER DISTIL,375,12,1,0,80,09/01/2014,22099147718,10059824001738,9.09,109.00,13.64,04/01/2019
322,Iowa Distilleries,Itty Bitty Juggs Sample Pack,086,BROADBENT VENTURES LLC,200,24,1,0,25,09/01/2015,13964820294,10059824001738,3.00,72.00,4.50,04/01/2019
35586,Iowa Distilleries,Clearheart Vodka,125,CEDAR RIDGE VINEYARDS LL,750,6,1,0,80,02/01/2007,13964820294,10059824001004,12.30,73.80,18.45,04/01/2019
36161,Iowa Distilleries,Blue Water Vodka,125,CEDAR RIDGE VINEYARDS LL,1000,12,1,0,80,06/01/2013,13964820294,10059824001004,11.75,141.00,17.63,04/01/2019
36258,Iowa Distilleries,Dehner Distillery Vodka,229,DEHNER DISTILLERY,750,12,1,0,80,06/01/2014,13964820294,10858506004049,5.00,60.00,7.50,04/01/2019
36383,Iowa Distilleries,Hair of the Dawg Vodka,125,CEDAR RIDGE VINEYARDS LL,1000,12,1,0,80,06/01/2013,13964820294,10858506004049,10.25,123.00,15.38,04/01/2019
36410,Iowa Distilleries,Chick's,306,MISSISSIPPI RIVER DISTIL,750,12,1,0,80,10/01/2015,13964820294,10855037005231,10.09,121.08,15.14,04/01/2019
36429,Iowa Distilleries,Hustle,229,DEHNER DISTILLERY,750,12,1,0,80,01/01/2016,13964820294,10855037005231,9.49,113.88,14.24,04/01/2019
36447,Iowa Distilleries,Ingenioz,402,Oz Spirits LLC,750,12,1,0,80,06/01/2014,13964820294,10854781004033,12.54,150.48,18.81,04/01/2019
36482,Iowa Distilleries,Svedka 80prf,115,CONSTELLATION BRANDS INC,375,24,1,0,80,07/01/2016,617768113752,10854781004033,5.00,120.00,7.50,04/01/2019
36535,Iowa Distilleries,Ingenioz Vodka Mini,402,Oz Spirits LLC,3000,1,60,0,80,08/01/2016,617768113752,10863835000013,60.00,60.00,90.00,04/01/2019
36552,Iowa Distilleries,Dehner Distillery Vodka Mini,229,DEHNER DISTILLERY,3000,1,60,0,80,11/01/2016,858506004219,10863835000013,30.00,30.00,45.00,04/01/2019
36723,Iowa Distilleries,Iowa Legendary Rye Vodka,116,BAD BEAR ENTERPRISES LLC,750,6,1,0,80,11/01/2017,863037000159,10863835000013,19.50,117.00,29.25,04/01/2019
36760,Iowa Distilleries,JJ O'Connell Vodka,442,"O&R Ventures, LLC",750,12,1,0,80,03/01/2018,867726000321,10863835000013,10.02,120.24,15.03,04/01/2019
36872,Iowa Distilleries,Blue Ox Vodka Mini,229,DEHNER DISTILLERY,3000,1,60,0,80,06/01/2018,854647008154,10863835000013,30.00,30.00,45.00,04/01/2019
36873,Iowa Distilleries,Blue Ox Vodka,229,DEHNER DISTILLERY,750,12,1,0,80,06/01/2018,854647008000,10863835000013,3.00,36.00,4.50,04/01/2019
36874,Iowa Distilleries,Blue Ox Vodka,229,DEHNER DISTILLERY,1000,12,1,0,80,06/01/2018,854647008017,10863835000013,3.50,42.00,5.25,04/01/2019
36875,Iowa Distilleries,Blue Ox Vodka,229,DEHNER DISTILLERY,1750,6,1,0,80,06/01/2018,854647008024,10863835000013,6.50,39.00,9.75,04/01/2019
36877,Iowa Distilleries,Foundry Vodka,566,"Foundry Distilling Company, LLC",375,12,1,0,80,08/01/2018,850826008021,10863835000013,6.66,79.92,9.99,04/01/2019
36878,Iowa Distilleries,Foundry Vodka,566,"Foundry Distilling Company, LLC",750,6,1,0,80,08/01/2018,850826008014,10863835000013,7.93,47.58,11.90,04/01/2019
37020,Iowa Distilleries,North 40 Vodka,325,Lonely Oak Distillery,750,6,1,0,80,01/01/2017,19962231216,10863835000013,14.00,84.00,21.00,04/01/2019
37640,Iowa Distilleries,River Baron Artisian Spirit,306,MISSISSIPPI RIVER DISTIL,750,6,1,0,80,12/14/2010,22099147701,10863835000013,14.02,84.10,21.03,04/01/2019
37641,Iowa Distilleries,River Pilot Vodka Mini,306,MISSISSIPPI RIVER DISTIL,500,6,10,0,80,08/01/2017,855037005388,10863835000013,10.00,60.00,15.00,04/01/2019
37642,Iowa Distilleries,River Pilot Vodka,306,MISSISSIPPI RIVER DISTIL,750,6,1,0,80,10/01/2011,22099147701,10863835000013,10.17,61.00,15.26,04/01/2019
38046,Iowa Distilleries,Swell Zone Vodka,154,DUNKEL CORPORATION,750,12,1,0,80,05/01/2016,22099147701,10854781004521,9.44,113.28,14.16,04/01/2019
38056,Iowa Distilleries,Swell Vodka,195,Swell Liquor LLC,750,12,1,0,80,09/01/2015,22099147701,10854781004316,6.00,72.00,9.00,04/01/2019
38058,Iowa Distilleries,Swell Vodka,195,Swell Liquor LLC,1000,12,1,0,80,12/01/2015,22099147701,10854781004323,7.18,86.16,10.77,04/01/2019
39577,Iowa Distilleries,North Forty Raspberry Vodka,325,Lonely Oak Distillery,750,6,1,0,70,09/01/2018,19962231711,10854781004323,14.00,84.00,21.00,04/01/2019
39611,Iowa Distilleries,North Forty Vanilla Vodka,325,Lonely Oak Distillery,750,6,1,0,70,05/01/2019,19962231513,10854781004323,16.00,96.00,24.00,04/01/2019
39699,Iowa Distilleries,North Forty Peach Vodka,325,Lonely Oak Distillery,750,6,1,0,70,01/01/2018,19962231315,10854781004323,13.00,78.00,19.50,04/01/2019
40024,Iowa Distilleries,Shady Fruit Ruby Red Grapefruit,260,DIAGEO AMERICAS,750,12,1,0,60,06/01/2015,82000005001,10854781004323,7.99,95.88,11.99,04/01/2019
4041,Iowa Distilleries,Cedar Ridge Brandy 3 Btl Gift Pack,125,CEDAR RIDGE VINEYARDS LL,1125,4,3,0,80,11/01/2013,82000005001,10854781004323,43.50,174.00,65.25,04/01/2019
42149,Iowa Distilleries,Dehner Distillery 151,229,DEHNER DISTILLERY,750,12,1,0,151,10/01/2014,82000005001,10858506004063,7.49,89.88,11.24,04/01/2019
425,Iowa Distilleries,Rumcoqui,216,Rumcoqui and Co,750,6,1,0,30,06/01/2016,82000005001,10858506004063,10.00,60.00,15.00,04/01/2019
43299,Iowa Distilleries,Captain Morgan Coconut,260,DIAGEO AMERICAS,750,12,1,0,70,02/01/2015,82000004882,10858506004063,8.26,99.12,12.39,04/01/2019
43314,Iowa Distilleries,Captain Morgan Grapefruit,260,DIAGEO AMERICAS,750,12,1,0,70,02/01/2015,82000004967,10858506004063,8.26,99.12,12.39,04/01/2019
43618,Iowa Distilleries,Bacardi Anejo Cuatro,035,BACARDI USA INC,750,12,1,4,80,05/01/2018,80480983383,10858506004063,9.99,119.88,14.99,04/01/2019
43633,Iowa Distilleries,Bacardi Gran Reserva Diez,035,BACARDI USA INC,750,6,1,10,80,05/01/2018,80480983406,10858506004063,19.99,119.94,29.99,04/01/2019
46008,Iowa Distilleries,Artisan Grain Gold Rum,101,ARTISAN GRAIN DISTILLERY,750,6,1,0,87,10/01/2016,868887000021,10858506004063,14.67,88.02,22.01,04/01/2019
46019,Iowa Distilleries,Artisan Grain Silver,101,ARTISAN GRAIN DISTILLERY,750,6,1,0,80,01/01/2016,868887000021,10868887000011,10.34,62.04,15.51,04/01/2019
46112,Iowa Distilleries,Cedar Ridge Dark Rum,125,CEDAR RIDGE VINEYARDS LL,750,6,1,0,80,12/01/2009,868887000021,10059824001790,17.50,105.00,26.25,04/01/2019
46113,Iowa Distilleries,Clearheart Rum,125,CEDAR RIDGE VINEYARDS LL,750,6,1,0,80,04/01/2008,868887000021,10059824001745,11.30,67.80,16.95,04/01/2019
46127,Iowa Distilleries,Cedar Ridge Lost Pirate Port Finish Rum,125,CEDAR RIDGE VINEYARDS LL,750,6,1,5,86,10/25/2016,859824001683,10059824001745,23.00,138.00,34.50,04/01/2019
46430,Iowa Distilleries,Holstein,977,WERNER DISTILLING,750,12,1,0,80,11/01/2012,859824001683,10059824001745,9.59,115.00,14.39,04/01/2019
46432,Iowa Distilleries,Holstein Coconut Rum,977,WERNER DISTILLING,750,12,1,0,80,12/01/2013,859824001683,10855061004019,10.00,120.00,15.00,04/01/2019
46434,Iowa Distilleries,Holstein Single Barrel Sippin' Rum,977,WERNER DISTILLING,750,12,1,0,80,01/01/2014,859824001683,10855061004026,10.09,121.00,15.14,04/01/2019
46685,Iowa Distilleries,Paradise Caribbean Mist,207,PARADISE DISTILLING COMPANY,750,6,1,0,80,05/01/2014,859824001683,70736983898202,16.20,97.20,24.30,04/01/2019
46686,Iowa Distilleries,Paradise Island Bay,207,PARADISE DISTILLING COMPANY,750,6,1,0,90,05/01/2014,859824001683,70736983898196,14.30,85.80,21.45,04/01/2019
46687,Iowa Distilleries,Paradise White Sand,207,PARADISE DISTILLING COMPANY,750,6,1,0,80,05/01/2014,859824001683,70736983898219,18.00,108.00,27.00,04/01/2019
46753,Iowa Distilleries,Havana Judge White,229,DEHNER DISTILLERY,750,12,1,0,80,06/01/2014,859824001683,70736983898219,5.08,60.88,7.62,04/01/2019
46937,Iowa Distilleries,Steel Drum Pure Cane Reserve,154,DUNKEL CORPORATION,750,6,1,0,80,09/01/2014,859824001683,10854781004057,12.17,73.00,18.26,04/01/2019
46939,Iowa Distilleries,Steel Drum,154,DUNKEL CORPORATION,750,12,1,0,80,09/01/2014,859824001683,10854781004040,12.09,145.08,18.14,04/01/2019
49083,Iowa Distilleries,Remy Martin 1738 Accord Royal,389,REMY COINTREAU USA INC,200,24,0,0,80,06/01/2016,859824001683,10087236002418,7.07,169.68,10.61,04/01/2019
49182,Iowa Distilleries,Remy Martin VSOP,389,REMY COINTREAU USA INC,100,24,1,0,40,03/01/2014,87236002145,10087236002418,3.70,88.80,5.55,04/01/2019
52199,Iowa Distilleries,Paul Masson Grande Amber Brandy VS,115,CONSTELLATION BRANDS INC,100,48,1,2,80,10/25/2016,86036710946,10087236002418,1.00,48.00,1.50,04/01/2019
52216,Iowa Distilleries,Cedar Ridge Brandy,125,CEDAR RIDGE VINEYARDS LL,750,6,1,0,80,12/01/2009,86036710946,10059824001820,20.00,120.00,30.00,04/01/2019
53206,Iowa Distilleries,Paul Masson Grande Amber Brandy VSOP,115,CONSTELLATION BRANDS INC,750,12,1,0,80,11/01/2016,21296006309,10059824001820,6.60,79.20,9.90,04/01/2019
53629,Iowa Distilleries,Cedar Ridge Apple Brandy,125,CEDAR RIDGE VINEYARDS LL,750,6,1,0,80,01/01/2009,21296006309,10059824001837,18.75,112.50,28.13,04/01/2019
53652,Iowa Distilleries,Cedar Ridge Grappa,125,CEDAR RIDGE VINEYARDS LL,375,12,1,0,81,04/01/2007,21296006309,10059824001080,10.25,123.00,15.38,04/01/2019
53920,Iowa Distilleries,Two Jay's Grappa,086,BROADBENT VENTURES LLC,375,12,1,0,80,09/01/2011,736211720443,10059824001080,8.45,101.40,12.68,04/01/2019
56666,Iowa Distilleries,Cedar Ridge Pear Brandy,125,CEDAR RIDGE VINEYARDS LL,375,6,1,0,80,06/01/2014,736211720443,10059824001905,14.67,88.00,22.01,04/01/2019
56667,Iowa Distilleries,Cedar Ridge Pear Brandy,125,CEDAR RIDGE VINEYARDS LL,750,6,1,0,80,04/01/2016,736211720443,10059824001172,18.75,112.50,28.13,04/01/2019
56793,Iowa Distilleries,Paul Masson Apple Grande Amber Brandy,115,CONSTELLATION BRANDS INC,750,12,1,0,54,11/01/2016,21296620277,10059824001172,6.29,75.48,9.44,04/01/2019
58744,Iowa Distilleries,Cody Road Mint Julep,306,MISSISSIPPI RIVER DISTIL,375,12,1,0,60,05/01/2018,855037005470,10059824001172,9.00,108.00,13.50,04/01/2019
58746,Iowa Distilleries,Cody Road Barrel Old Fashioned,306,MISSISSIPPI RIVER DISTIL,750,6,1,0,60,02/01/2019,855037005548,10059824001172,16.00,96.00,24.00,04/01/2019
71902,Iowa Distilleries,Annie's Apple Pie,306,MISSISSIPPI RIVER DISTIL,375,12,1,0,38,10/01/2015,648676946279,10855037005194,9.00,108.00,13.50,04/01/2019
72480,Iowa Distilleries,Bleu Original,269,VBJ Beverages LLC,750,6,1,0,60,02/01/2016,40232301803,10855037005194,13.00,78.00,19.50,04/01/2019
72482,Iowa Distilleries,Bleu Pel,269,VBJ Beverages LLC,750,6,1,0,60,02/01/2016,40232301810,10855037005194,13.00,78.00,19.50,04/01/2019
72502,Iowa Distilleries,Blue Ox Silver Rum Mini,229,DEHNER DISTILLERY,3000,1,60,0,80,06/01/2018,854647008178,10855037005194,30.00,30.00,45.00,04/01/2019
72503,Iowa Distilleries,Blue Ox Silver Rum,229,DEHNER DISTILLERY,750,12,1,0,80,06/01/2018,854647008062,10855037005194,3.00,36.00,4.50,04/01/2019
72504,Iowa Distilleries,Blue Ox Silver Rum,229,DEHNER DISTILLERY,1000,12,1,0,80,06/01/2018,854647008079,10855037005194,3.50,42.00,5.25,04/01/2019
72505,Iowa Distilleries,Blue Ox Silver Rum,229,DEHNER DISTILLERY,1750,6,1,0,80,06/01/2018,854647008086,10855037005194,6.50,39.00,9.75,04/01/2019
72506,Iowa Distilleries,Blue Ox Spiced Rum Mini,229,DEHNER DISTILLERY,3000,1,60,0,70,06/01/2018,854647008185,10855037005194,30.00,30.00,45.00,04/01/2019
72507,Iowa Distilleries,Blue Ox Spiced Rum,229,DEHNER DISTILLERY,750,12,1,0,70,06/01/2018,854647008123,10855037005194,5.00,60.00,7.50,04/01/2019
72508,Iowa Distilleries,Blue Ox Spiced Rum,229,DEHNER DISTILLERY,1000,12,1,0,70,06/01/2018,854647008130,10855037005194,6.00,72.00,9.00,04/01/2019
72509,Iowa Distilleries,Blue Ox Spiced Rum,229,DEHNER DISTILLERY,1750,6,1,0,70,06/01/2018,854647008147,10855037005194,9.00,54.00,13.50,04/01/2019
72945,Iowa Distilleries,Krupnik,525,Cats Eye Distillery,750,12,1,0,60,11/01/2018,855810007028,10855037005194,16.65,199.80,24.98,04/01/2019
72953,Iowa Distilleries,Cedar Ridge Lamponcella,125,CEDAR RIDGE VINEYARDS LL,375,12,1,0,64,04/01/2008,855810007028,10855037005194,8.00,96.00,12.00,04/01/2019
72954,Iowa Distilleries,Cedar Ridge Mangocella,125,CEDAR RIDGE VINEYARDS LL,375,12,1,0,64,08/01/2012,855810007028,10855037005194,8.00,96.00,12.00,04/01/2019
73607,Iowa Distilleries,Dehner Distillery Hemp Infused,229,DEHNER DISTILLERY,750,12,1,0,80,07/01/2015,855810007028,10858506004087,8.50,102.00,12.75,04/01/2019
73783,Iowa Distilleries,Elemental Romarin Liqueur,442,"O&R Ventures, LLC",750,12,1,0,60,06/01/2017,867726000307,10858506004087,17.48,209.76,26.22,04/01/2019
74772,Iowa Distilleries,Howdys Apple Pie,125,CEDAR RIDGE VINEYARDS LL,750,6,1,0,40,11/29/2012,867726000307,10059824001950,8.89,53.32,13.34,04/01/2019
74776,Iowa Distilleries,Iowa Coffee Company Liqueur,306,MISSISSIPPI RIVER DISTIL,375,12,1,0,40,12/01/2017,867726000307,10855037005125,9.00,108.00,13.50,04/01/2019
74936,Iowa Distilleries,Holy Hell,353,"John Ernest Distillery, Inc.",750,12,1,0,67,07/01/2017,867971000305,10855037005125,9.50,114.00,14.25,04/01/2019
75740,Iowa Distilleries,Hot Lil' Hooch Cherry Cinnamon Whiskey,086,BROADBENT VENTURES LLC,750,12,1,0,54,08/01/2014,91037947758,10855037005125,13.29,159.48,19.94,04/01/2019
75898,Iowa Distilleries,maDIKwe,226,MADIKWE USA INC,750,12,1,0,86,09/01/2014,91037947758,10858778001005,11.59,139.08,17.39,04/01/2019
76533,Iowa Distilleries,Paradise Distilling Raspberry Bay Liqueur,207,PARADISE DISTILLING COMPANY,750,6,1,0,44,11/01/2016,689043042507,10858778001005,10.00,60.00,15.00,04/01/2019
76658,Iowa Distilleries,Pear Necessity Liqueur,306,MISSISSIPPI RIVER DISTIL,375,12,1,0,38,10/01/2016,855037005296,10858778001005,9.00,108.00,13.50,04/01/2019
77084,Iowa Distilleries,Silver Creek Chestnut Liqueur,306,MISSISSIPPI RIVER DISTIL,375,12,1,0,38,02/01/2017,855037005401,10858778001005,9.00,108.00,13.50,04/01/2019
77188,Iowa Distilleries,Havana Judge Spiced Rum,229,DEHNER DISTILLERY,750,12,1,0,70,07/01/2015,855037005401,10858506004124,7.46,89.52,11.19,04/01/2019
77190,Iowa Distilleries,Havana Judge Cinnamon,229,DEHNER DISTILLERY,750,12,1,0,70,06/01/2014,855037005401,10858506004032,5.08,60.96,7.62,04/01/2019
77218,Iowa Distilleries,Sol Del Sur Tequila & Liqueur,229,DEHNER DISTILLERY,1000,12,1,0,80,02/01/2019,854647008222,10858506004032,5.00,60.00,7.50,04/01/2019
77284,Iowa Distilleries,Rocket Fuel,154,DUNKEL CORPORATION,750,12,1,0,151,12/01/2015,854647008222,10854781004330,6.65,79.80,9.98,04/01/2019
77285,Iowa Distilleries,Schaarski's Krupnikas,306,MISSISSIPPI RIVER DISTIL,375,12,1,0,38,12/01/2017,855037005425,10854781004330,9.00,108.00,13.50,04/01/2019
77723,Iowa Distilleries,Juggs Blueberry Bazoombas,086,BROADBENT VENTURES LLC,750,12,1,0,35,05/01/2014,91037065117,10854781004330,6.00,72.00,9.00,04/01/2019
77725,Iowa Distilleries,Juggs Strawberry Sistas,086,BROADBENT VENTURES LLC,750,12,1,0,35,05/01/2014,91037065100,10854781004330,6.00,72.00,9.00,04/01/2019
77727,Iowa Distilleries,Juggs Cherry Cha-Chas,086,BROADBENT VENTURES LLC,750,12,1,0,25,10/01/2013,91037065100,10854781004330,13.29,159.40,19.94,04/01/2019
77730,Iowa Distilleries,Travis Hasse's Cow Pie,305,Mhw LTD,750,6,1,0,30,11/01/2015,91037065100,20896459002054,7.94,47.64,11.91,04/01/2019
77746,Iowa Distilleries,Travis Hasse's Apple Pie,305,Mhw LTD,750,6,1,0,40,11/01/2015,91037065100,30896459002020,7.94,47.64,11.91,04/01/2019
77805,Iowa Distilleries,Saints N Sinners Apple Pie,154,DUNKEL CORPORATION,750,12,1,0,24,11/01/2016,854781004531,30896459002020,8.00,96.00,12.00,04/01/2019
77977,Iowa Distilleries,Very Cherry Cobbler Liqueur,306,MISSISSIPPI RIVER DISTIL,375,12,1,0,38,11/01/2018,855037005395,30896459002020,9.00,108.00,13.50,04/01/2019
796,Iowa Distilleries,Cedar Ridge Whiskey 3 Btl Gift Pack,125,CEDAR RIDGE VINEYARDS LL,1125,4,3,0,80,11/01/2013,855037005395,10059824001127,6.00,24.00,9.00,04/01/2019
80008,Iowa Distilleries,Atomic Fusion Bourbon Cream,229,DEHNER DISTILLERY,750,12,1,0,30,11/01/2016,858506004202,10059824001127,7.46,89.52,11.19,04/01/2019
80236,Iowa Distilleries,Iowish Cream Liqueur,306,MISSISSIPPI RIVER DISTIL,750,6,1,0,40,09/01/2015,858506004202,10855037005071,10.17,61.00,15.26,04/01/2019
80447,Iowa Distilleries,Rumcoqui,216,Rumcoqui and Co,750,6,1,0,30,06/01/2016,40232125720,10855037005071,10.00,60.00,15.00,04/01/2019
80462,Iowa Distilleries,Sassy Girl,229,DEHNER DISTILLERY,750,12,1,0,28,01/01/2016,40232125720,10855037005071,11.49,137.88,17.24,04/01/2019
86562,Iowa Distilleries,Blue Ox Cinnamon Whiskey Mini,229,DEHNER DISTILLERY,3000,1,60,0,70,06/01/2018,854647008192,10855037005071,30.00,30.00,45.00,04/01/2019
86563,Iowa Distilleries,Blue Ox Cinnamon Whiskey,229,DEHNER DISTILLERY,750,12,1,0,70,06/01/2018,854647008093,10855037005071,5.00,60.00,7.50,04/01/2019
86564,Iowa Distilleries,Blue Ox Cinnamon Whiskey,229,DEHNER DISTILLERY,1000,12,1,0,70,06/01/2018,854647008109,10855037005071,6.00,72.00,9.00,04/01/2019
86565,Iowa Distilleries,Blue Ox Cinnamon Whiskey,229,DEHNER DISTILLERY,1750,6,1,0,70,06/01/2018,854647008116,10855037005071,9.00,54.00,13.50,04/01/2019
86624,Iowa Distilleries,Cody Road Uncommon Double Barrel,306,MISSISSIPPI RIVER DISTIL,375,12,1,0,101,12/01/2018,855037005203,10855037005071,14.00,168.00,21.00,04/01/2019
86638,Iowa Distilleries,Atomic Fusion Cinnamon Whiskey Mini,229,DEHNER DISTILLERY,3000,1,60,0,70,11/01/2016,858506004158,10855037005071,30.00,30.00,45.00,04/01/2019
86653,Iowa Distilleries,Atomic Cinnamon Whiskey,229,DEHNER DISTILLERY,750,12,1,0,70,07/01/2015,858506004158,10855037005071,7.46,89.52,11.19,04/01/2019
86661,Iowa Distilleries,Bella Limoncello,086,BROADBENT VENTURES LLC,750,12,1,0,25,01/01/2013,616641412746,10855037005071,13.29,159.48,19.94,04/01/2019
86663,Iowa Distilleries,Bella Orangecello,086,BROADBENT VENTURES LLC,750,12,1,0,25,01/01/2013,616641412746,10855037005071,9.86,118.24,14.79,04/01/2019
86764,Iowa Distilleries,Sipp'n Sweet Corn,418,GUNSANDMORE INFO LLC,375,12,1,0,80,09/01/2012,616641412746,10855677003000,10.50,126.00,15.75,04/01/2019
872,Iowa Distilleries,Cedar Ridge Age Your Own Whiskey Kit,125,CEDAR RIDGE VINEYARDS LL,750,6,1,0,100,11/01/2011,616641412746,10855677003000,42.17,253.00,63.26,04/01/2019
905707,Iowa Distilleries,Bruichladdich Octomore Scottish Barley,389,REMY COINTREAU USA INC,750,6,1,0,119,05/01/2016,87236700430,10855677003000,82.45,494.70,123.68,04/01/2019
926784,Iowa Distilleries,Cedar Ridge Private Cask Malted Rye Selection 92prf,125,CEDAR RIDGE VINEYARDS LL,750,6,1,2,92,12/01/2018,859824001911,10855677003000,22.67,136.02,34.01,04/01/2019
926785,Iowa Distilleries,Cedar Ridge Private Cask Malted Rye Selection 105prf,125,CEDAR RIDGE VINEYARDS LL,750,6,1,2,105,12/01/2018,859824001904,10855677003000,24.84,149.04,37.26,04/01/2019
926786,Iowa Distilleries,Cedar Ridge Private Cask Selection Malted Rye 115prf,125,CEDAR RIDGE VINEYARDS LL,750,6,1,2,115,12/01/2018,859824001737,10855677003000,26.84,161.04,40.26,04/01/2019
926789,Iowa Distilleries,Steeple Ridge Bourbon Single Barrel,325,Lonely Oak Distillery,750,6,1,0,102,11/01/2018,19962231414,10855677003000,30.00,180.00,45.00,04/01/2019
926814,Iowa Distilleries,Steeple Ridge Bourbon,325,Lonely Oak Distillery,750,6,1,0,92,09/01/2018,19962231612,10855677003000,22.50,135.00,33.75,04/01/2019
927011,Iowa Distilleries,Cedar Ridge Rye Whiskey - Whole Cask Buy,125,CEDAR RIDGE VINEYARDS LL,750,6,1,2,115,04/01/2016,19962231612,10059824001196,25.84,155.04,38.76,04/01/2019
927014,Iowa Distilleries,Cedar Ridge Malted Rye Barrel Urbandale,125,CEDAR RIDGE VINEYARDS LL,750,6,1,2,119,01/01/2016,19962231612,10059824001318,25.42,152.52,38.13,04/01/2019
927135,Iowa Distilleries,Caribbean Cask Rye Whiskey,154,DUNKEL CORPORATION,750,6,1,3,80,01/01/2016,19962231612,10854781004514,3.75,22.50,5.63,04/01/2019
927255,Iowa Distilleries,Country Gal,154,DUNKEL CORPORATION,750,12,1,0,80,12/01/2017,854781004029,10854781004514,3.09,37.08,4.64,04/01/2019
927357,Iowa Distilleries,Cedar Ridge Single Malt Single Barrel Select,125,CEDAR RIDGE VINEYARDS LL,750,6,1,0,94,04/01/2019,859824001652,10854781004514,25.00,150.00,37.50,04/01/2019
927363,Iowa Distilleries,Cedar Ridge Private Cask Iowa Bourbon Whiskey 90prf DNO,125,CEDAR RIDGE VINEYARDS LL,750,6,1,2,90,01/01/2018,859824001645,10854781004514,19.84,119.04,29.76,04/01/2019
927364,Iowa Distilleries,Cedar Ridge Private Cask Iowa Bourbon Maple Cask Finish,125,CEDAR RIDGE VINEYARDS LL,750,6,1,2,113,11/01/2017,859824001645,10854781004514,23.34,140.04,35.01,04/01/2019
927365,Iowa Distilleries,Cedar Ridge Private Cask Bourbon Double Oak Cask Finish,125,CEDAR RIDGE VINEYARDS LL,750,6,1,2,95,11/01/2017,859824001645,10854781004514,21.00,126.00,31.50,04/01/2019
927366,Iowa Distilleries,Cedar Ridge Apple Brandy Cask Finished Bourbon,125,CEDAR RIDGE VINEYARDS LL,750,6,1,2,116,06/01/2017,859824001645,10854781004514,23.67,142.02,35.51,04/01/2019
927369,Iowa Distilleries,Cedar Ridge Port Cask Finish Barrel DNO,125,CEDAR RIDGE VINEYARDS LL,750,1,240,2,111,11/01/2015,859824001645,10854781004514,6000.00,6000.00,9000.00,04/01/2019
927506,Iowa Distilleries,High West Bourye,115,CONSTELLATION BRANDS INC,750,6,1,0,92,03/01/2018,854396005169,10854781004514,60.00,360.00,90.00,04/01/2019
927832,Iowa Distilleries,Straight Bourbon Whiskey,154,DUNKEL CORPORATION,750,6,1,2,90,01/01/2016,854396005169,10854781004514,3.75,22.50,5.63,04/01/2019
927849,Iowa Distilleries,Cedar Ridge Reserve Bourbon Private Cask DNO,125,CEDAR RIDGE VINEYARDS LL,750,1,240,5,111,12/01/2016,859824001850,10854781004514,7680.00,7680.00,11520.00,04/01/2019
927934,Iowa Distilleries,Brotherhood Bourbon,306,MISSISSIPPI RIVER DISTIL,750,6,1,0,80,11/01/2016,753677849815,10854781004514,25.00,150.00,37.50,04/01/2019
928133,Iowa Distilleries,Raccoon Motel Whiskey,306,MISSISSIPPI RIVER DISTIL,750,6,1,0,80,12/01/2017,855037005432,10854781004514,23.00,138.00,34.50,04/01/2019
928245,Iowa Distilleries,C Crets Whiskey,306,MISSISSIPPI RIVER DISTIL,750,6,1,2,80,08/01/2018,855037005227,10854781004514,19.00,114.00,28.50,04/01/2019
928270,Iowa Distilleries,Cedar Ridge Private Cask Iowa Bourbon Selection 92prf,125,CEDAR RIDGE VINEYARDS LL,750,6,1,2,92,12/01/2018,859824001898,10854781004514,21.00,126.00,31.50,04/01/2019
928271,Iowa Distilleries,Cedar Ridge Private Cask Iowa Bourbon Selection 105prf,125,CEDAR RIDGE VINEYARDS LL,750,6,1,2,105,12/01/2018,859824001836,10854781004514,23.00,138.00,34.50,04/01/2019
936878,Iowa Distilleries,Foundry Vodka Jeske Farms Buy the Barrel,566,"Foundry Distilling Company, LLC",750,6,1,0,80,01/01/2019,850826008021,10854781004514,7.93,47.58,11.90,04/01/2019
937095,Iowa Distilleries,Foundry Vodka Absolute Group,566,"Foundry Distilling Company, LLC",750,6,1,0,80,03/01/2019,850826008014,10854781004514,7.93,47.58,11.90,04/01/2019
937099,Iowa Distilleries,Foundry Vodka Gilcrest Jewett,566,"Foundry Distilling Company, LLC",750,6,1,0,80,03/01/2019,850826008014,10854781004514,7.93,47.58,11.90,04/01/2019
937536,Iowa Distilleries,Foundry Vodka Premier,566,"Foundry Distilling Company, LLC",750,6,1,0,80,03/01/2019,850826008014,10854781004514,7.93,47.58,11.90,04/01/2019
937970,Iowa Distilleries,Foundry Vodka SSI,566,"Foundry Distilling Company, LLC",750,6,1,0,80,03/01/2019,850826008014,10854781004514,7.93,47.58,11.90,04/01/2019
939611,Iowa Distilleries,North Forty Vanilla Vodka,325,Lonely Oak Distillery,750,6,1,0,70,11/01/2018,19962231513,10854781004514,14.00,84.00,21.00,04/01/2019
943366,Iowa Distilleries,Castillo Spiced Rum,035,BACARDI USA INC,750,12,1,0,70,05/01/2018,80480275402,10854781004514,4.16,49.92,6.24,04/01/2019
953650,Iowa Distilleries,Cedar Ridge Apple Brandy Private Cask,125,CEDAR RIDGE VINEYARDS LL,750,6,1,0,80,01/01/2019,859824001928,10854781004514,18.75,112.50,28.13,04/01/2019
956790,Iowa Distilleries,Paul Masson Apple Grande Amber Brandy Mini,115,CONSTELLATION BRANDS INC,600,10,12,5,54,12/01/2016,21296620154,10854781004514,7.12,71.20,10.68,04/01/2019
956796,Iowa Distilleries,Paul Masson Grande Amber Pineapple Brandy,115,CONSTELLATION BRANDS INC,200,24,1,0,80,03/01/2019,21296620178,10854781004514,1.96,47.04,2.94,04/01/2019
956802,Iowa Distilleries,Paul Masson Red Berry Grande Amber Mini,115,CONSTELLATION BRANDS INC,50,10,12,5,54,04/01/2018,21296620086,10854781004514,7.12,71.20,10.68,04/01/2019
966136,Iowa Distilleries,Passoa Liqueur,305,Mhw LTD,750,12,1,0,40,03/01/2016,87236565374,10854781004514,7.74,92.88,11.61,04/01/2019
973240,Iowa Distilleries,Cody Road Quad City Collaboration,306,MISSISSIPPI RIVER DISTIL,750,6,1,0,90,12/01/2018,855037005517,10854781004514,19.00,114.00,28.50,04/01/2019
984486,Iowa Distilleries,Paramount Butterscotch Schanpps DISCO,434,LUXCO INC,750,12,1,0,44,10/01/2016,86816106945,10854781004514,4.75,57.00,7.13,04/01/2019
986990,Iowa Distilleries,Cedar Ridge Sir Maple Bourbon Whiskey,125,CEDAR RIDGE VINEYARDS LL,750,1,1,0,86,12/01/2018,859824001454,10854781004514,108.60,108.60,162.90,04/01/2019
987827,Iowa Distilleries,Casa Noble Crystal Jovan Single Barrel Tequila,115,CONSTELLATION BRANDS INC,750,6,1,0,102,04/01/2017,721059707503,10854781004514,22.50,135.00,33.75,04/01/2019
